{
  "download_time": "2026-02-24T10:31:30.818798",
  "duration": "0:38:02.195888",
  "years": [
    106,
    107,
    108,
    109,
    110,
    111,
    112,
    113,
    114
  ],
  "levels": {
    "二等": [
      106,
      107,
      108,
      109,
      110,
      111,
      112,
      113,
      114
    ],
    "三等": [
      106,
      107,
      108,
      109,
      110,
      111,
      112,
      113,
      114
    ],
    "四等": [
      106,
      107,
      108,
      109,
      110,
      111,
      112,
      113,
      114
    ]
  },
  "stats": {
    "success": 443,
    "cached": 443,
    "failed": 0,
    "total_size_mb": 61.0
  }
}