{
  "download_time": "2026-02-20T19:56:34.989861",
  "duration": "0:28:03.021853",
  "years": [
    105,
    106,
    107,
    108,
    109,
    110,
    111,
    112,
    113,
    114
  ],
  "categories": {
    "犯罪防治矯治組": [
      106,
      107,
      108,
      109,
      110,
      111,
      112,
      113,
      114
    ],
    "行政警察": [
      106,
      107,
      108,
      109,
      110,
      111,
      112,
      113,
      114
    ],
    "外事警察": [
      106,
      107,
      108,
      109,
      110,
      111,
      112,
      113,
      114
    ],
    "刑事警察": [
      106,
      107,
      108,
      109,
      110,
      111,
      112,
      113,
      114
    ],
    "公共安全": [
      106,
      107,
      108,
      109,
      110,
      111,
      112,
      113,
      114
    ],
    "犯罪防治預防組": [
      106,
      107,
      108,
      109,
      110,
      111,
      112,
      113,
      114
    ],
    "消防警察": [
      106,
      107,
      108,
      109,
      110,
      111,
      112,
      113,
      114
    ],
    "交通警察交通組": [
      106,
      107,
      108,
      109,
      110,
      111,
      112,
      113,
      114
    ],
    "資訊管理": [
      106,
      107,
      108,
      109,
      110,
      111,
      112,
      113,
      114
    ],
    "鑑識科學": [
      106,
      107,
      108,
      109,
      110,
      111,
      112,
      113,
      114
    ],
    "國境警察": [
      106,
      107,
      108,
      109,
      110,
      111,
      112,
      113,
      114
    ],
    "水上警察": [
      106,
      107,
      108,
      109,
      110,
      111,
      112,
      113,
      114
    ],
    "警察法制": [
      106,
      107,
      108,
      109,
      110,
      111,
      112,
      113,
      114
    ],
    "行政管理": [
      106,
      107,
      108,
      109,
      110,
      111,
      112,
      113,
      114
    ],
    "交通警察電訊組": [
      107,
      109,
      110,
      111
    ]
  },
  "stats": {
    "success": 1675,
    "cached": 1673,
    "failed": 14,
    "total_size_mb": 241.96
  }
}