{
  "download_time": "2026-02-24T21:40:50.675097",
  "duration": "0:05:11.452424",
  "years": [
    106,
    107,
    108,
    109,
    110,
    111,
    112,
    113,
    114
  ],
  "categories": {
    "公共安全學系情報組": [
      106,
      107,
      108,
      109,
      110,
      111,
      112,
      113,
      114
    ]
  },
  "stats": {
    "success": 82,
    "cached": 82,
    "failed": 0,
    "total_size_mb": 9.35
  }
}